date,r,real,pred,pred_roll,pred_single,pred_ols60,b_up,b_dn,p_hi,p_hi_hindsight
2025-04-09,17.202688284272714,-14.841375903230281,0.719503844208952,0.719503844208952,3.9966688441751663,4.256773265164814,0.03196183109197771,-0.2634164532457022,0.051758312932188716,4.607043122504336e-08
2025-04-10,-10.51377576007479,6.502945188547072,2.9391759477431876,2.9391759477431876,4.505944929299079,5.657545163660805,0.03196183109267277,-0.26341645323109963,0.05175831293589386,0.0006525703656067433
2025-04-11,-0.9311529833295986,-5.317053031264008,0.41495544323576217,0.41495544323576217,0.33318444138353454,-0.03231345846847059,0.03196183109179864,-0.2634164532494644,0.051758312931234125,0.04194237979045054
2025-04-14,2.23691298010469,0.12109017507335729,0.25648493004336437,0.25648493004336437,0.45681068076926695,0.04441280148473614,0.032503538629385056,-0.2520354915233565,0.05464602880022069,0.04926764594820013
2025-04-16,-2.4916088680642337,1.5396603728368596,0.8226357458307136,0.8226357458307136,1.0126861613883813,0.8942359400695225,0.03208988349086481,-0.2607261464850402,0.05244093024627595,0.051901881373322904
2025-04-17,-0.7958556582301037,-3.6801128133249317,0.5020199983022089,0.5020199983022089,0.46419573145476417,0.30911464602925476,-0.11258964206135193,-0.25592662880777123,0.05102647964678059,0.05642787574350117
2025-04-18,0.00015125236275653853,1.0860572227639698,0.31537944207616087,0.31537944207616087,0.13800199986197112,-0.12174314922285547,-0.11119017102623924,-0.24119418024706318,0.054886408627015895,0.04141807287446624
2025-04-21,-3.0470205986033214,3.9873961937823554,1.0340910644451102,1.0340910644451102,1.3868941707584006,1.5277826663154135,-0.11037417380713906,-0.23260405100933593,0.05713703849699565,0.02371600296003773
2025-04-23,3.652629082121502,-0.9778366175403841,-0.11642104625869881,-0.11642104625869881,0.34054300311396213,-0.6379638233425874,-0.11281136065350418,-0.2582606948026225,0.05041495000605701,0.02221533102741805
2025-04-24,6.004223636308396,-1.2397246420674524,-0.3805993221103959,-0.3805993221103959,0.47094607260456933,-0.9703249717465551,-0.11275043910891366,-0.2576193642574378,0.05058297980416341,0.021113574054006153
2025-04-25,2.9778929395380898,-1.7052718273081635,-0.07200537698124337,-0.07200537698124337,0.26337282025326547,-0.5895610727221988,-0.11625166610937822,-0.2731810018115708,0.04834260272922758,0.02933526847943862
2025-04-28,-1.4797951590419798,0.670421118285236,0.678388479280309,0.678388479280309,0.7426087763685442,0.7516429034366765,-0.11623874680207882,-0.27304443991165295,0.048378212784030754,0.04047091027043785
2025-04-30,-0.06497650352646792,0.6545717325686651,0.3696814141742718,0.3696814141742718,0.15111395015243853,-0.061691488099198714,-0.1095606935381477,-0.2024549245188115,0.06678522464591258,0.048187900375832995
2025-05-01,1.0618852761724586,-0.7883117666795281,0.18132099913625008,0.18132099913625008,0.17366616337003699,-0.27395749508741113,-0.11396374945049152,-0.2489968688274397,0.05464888802146763,0.052219360141533305
2025-05-02,3.6787830118735774,-1.1618722046317642,-0.1501808973578752,-0.1501808973578752,0.29618819277709785,-0.7050112447581615,-0.11604497730551896,-0.27099622401407214,0.04891230816792243,0.051564441249369986
2025-05-05,-0.4309474047749314,1.672725869151248,0.38290471308457796,0.38290471308457796,0.2914982015916,0.1622418794315153,-0.122060153439597,-0.2784182036159795,0.047178078217741386,0.05540582918672411
2025-05-06,0.12409788088949177,0.7588836147348621,0.34331343403221487,0.34331343403221487,0.11530936130188735,-0.11155842798181786,-0.11446358000587026,-0.19763695992884642,0.0681481967976779,0.05888822089101755
2025-05-07,1.9781109225392384,0.2811688114589983,0.049393254954773064,0.049393254954773064,0.19134170508368342,-0.48014896821384206,-0.120125343210556,-0.2578436145642099,0.052519065214922195,0.05876140980344493
2025-05-08,2.4429884800938226,-3.627877954029196,-0.027528485577107076,-0.027528485577107076,0.2104061504130325,-0.5725698229928986,-0.1215404050723597,-0.2728912486176406,0.04861282837026473,0.053482126207767024
2025-05-09,1.345200619182969,1.695552309709858,0.09821471971742532,0.09821471971742532,0.16538630310603342,-0.35432204823440167,-0.12209718814486298,-0.2788120271703853,0.04707584499801719,0.05669566465768876
2025-05-12,7.22523619004071,-1.417076992382904,-0.5951831905588166,-0.5951831905588166,0.3690362200068633,-1.429535496736484,-0.1263520059830392,-0.24276243075404477,0.055459313398788734,0.05335789153083016
2025-05-14,-1.6907897590822316,-0.8856837495767322,0.7473851254266163,0.7473851254266163,0.8271391517738013,1.0090867312359735,-0.12988476379864686,-0.2788130782673048,0.04605021609333951,0.08108189551437722
2025-05-15,0.23568819070730784,0.740698860187855,0.37780048267489524,0.37780048267489524,0.1293566867664183,0.014081315377424818,-0.1189019767168994,-0.16673729881590238,0.07530161619799616,0.09389904168779895
2025-05-16,3.132450749010244,0.6496146837419892,-0.097007485555133,-0.097007485555133,0.2286899623871967,-0.5842141867447495,-0.12761946956187287,-0.25569648542220175,0.05208356879165161,0.10338840374076548
2025-05-19,0.2247934852795154,4.933869318456862,0.25570905464691956,0.25570905464691956,0.12898309495304572,0.01633150092877804,-0.12914311692827699,-0.2712448125387873,0.04802550790042633,0.10600599416103003
2025-05-21,-2.5973593928323195,3.134455297181277,-0.2603379803334467,-0.2603379803334467,1.2263837241896043,1.6672378115868225,-0.048204116752782855,0.6078599359756626,0.27569461261212014,0.11424310342816535
2025-05-22,-0.9413432573270214,-2.5521439980972946,0.5590846651682448,0.5590846651682448,0.551048042628309,0.7996452042628452,-0.13367837371598623,-0.26360847249398056,0.04859330019106045,0.14869723178855718
2025-05-23,-1.5342509776264048,0.4443961946647368,0.7003651593282002,0.7003651593282002,0.7928402153049121,1.1102716190230484,-0.12978335850187273,-0.22389613301064573,0.05894218298282278,0.15895376854430956
2025-05-26,-0.00023758586115660106,2.834049385367438,0.41074370533545435,0.41074370533545435,0.1672581589224525,0.3065966730507291,-0.12521514035637413,-0.1773200300032379,0.07107973612604637,0.16589357765102902
2025-05-28,-0.44244371634224666,-0.456659643048285,0.5729384057329926,0.5729384057329926,0.34759310380383623,0.5382700012829276,-0.1137014549468971,-0.059930146125842354,0.10167108795752358,0.1783016229517509
2025-05-29,0.9827464671101103,1.0892712934837956,0.23090345219430042,0.23090345219430042,0.18515211548805413,0.1086856385202849,-0.13116544434814728,-0.22737948488139875,0.0583153746617608,0.18381057016685767
2025-05-30,-2.9511938889327127,5.817066130106285,1.0660603951932244,1.0660603951932244,1.375530088946068,1.923716385293062,-0.13316432549410878,-0.24685827483347744,0.05320940986474902,0.1849167525979446
2025-06-02,4.357950789586879,0.043469687260699885,-0.2789450017681486,-0.2789450017681486,0.2437751182948396,-0.7125178813163248,-0.1354968855508932,-0.2695887145539727,0.04725109185223507,0.2907711163350708
2025-06-03,3.577479353355268,1.9612686475482755,-0.17018270678190744,-0.17018270678190744,0.23021932290428174,-0.522625409830328,-0.13529234084116515,-0.2675954577539618,0.04777358319165082,0.40896279507026095
2025-06-04,1.747055314463534,-1.5286531963462968,0.1279753880711925,0.1279753880711925,0.19842718728304742,-0.07727439699789479,-0.13137314763984528,-0.22940352157788488,0.05778481500453655,0.47966858559377384
2025-06-05,2.4896648262466807,3.437936740358205,-0.0017277961879315074,-0.0017277961879315074,0.2245269183060143,-0.166790981577915,-0.134654137392594,-0.28018694773801056,0.045092497536959125,0.5609432757474909
2025-06-06,2.0155713284577645,-2.7898223579138515,0.40142918573696496,0.40142918573696496,0.21714650280876663,-0.05254976170492892,-0.10953967411012355,-0.027797463954144896,0.1107767011700449,0.602040503286234
2025-06-09,2.8056045366508386,2.330811648487907,-0.044873335184290375,-0.044873335184290375,0.229445286403737,-0.24292224701652892,-0.13469629904327438,-0.28061065407531127,0.0449822282304784,0.6660672688258346
2025-06-10,2.902740009087042,0.08275336040847181,0.03415353141996924,0.03415353141996924,0.2309574356937908,-0.26632875842367637,-0.1282988558707269,-0.2163191196835383,0.06171405942075519,0.7036663006373013
2025-06-11,2.0325332196331694,3.2350570553734914,0.06470140581532721,0.06470140581532721,0.2174105557963681,-0.056637029613618606,-0.1342938033274841,-0.2765657463744797,0.04603491290305362,0.744504102177196
2025-06-12,-0.30100810585765414,-0.680114470737192,0.5990602576636064,0.5990602576636064,0.32992705988890564,0.6823890431998826,-0.10855545771193464,-0.08986679529713115,0.09486175647904563,0.7681651641765078
2025-06-13,-0.5396225783495376,0.2801495385798991,0.5225348292479327,0.5225348292479327,0.4288966108222535,0.8053462676351972,-0.1255664300710544,-0.25683035899109885,0.0510382107058701,0.7892603635978704
2025-06-16,3.5609552491066094,2.9292665671343143,-0.03430102381268674,-0.03430102381268674,0.2741302931663316,-0.32464835783937174,-0.12358976221784147,-0.23742926291943336,0.056130488343791196,0.8131597463324145
2025-06-18,1.1571566969795055,-2.412030384158581,0.4091837386228567,0.4091837386228567,0.22751745357885622,0.2504404689545998,-0.11160229277039094,-0.1197716372196363,0.08701252171287471,0.811593870984132
2025-06-19,-0.00018686958131639985,0.9474473516687731,0.35728870312247063,0.35728870312247063,0.20515615913603377,0.5273768853979427,-0.12798214027756916,-0.2805406782142892,0.04481487528594202,0.8146679185766595
2025-06-20,1.4757789296548953,-0.11034488938097553,0.18927047519250226,0.18927047519250226,0.2311702516381774,0.1255670587453504,-0.11630353938923371,-0.2651446614454445,0.04881929647458549,0.8232439716327147
2025-06-23,-1.481020847269388,-0.46485816794841206,0.7586898909259773,0.7586898909259773,0.8047830747902214,1.1080539779361023,-0.11773366268664111,-0.27928226786794585,0.045088571864828744,0.8346665374618252
2025-06-25,-0.38913323127798344,-4.422315009020372,0.515022120397489,0.515022120397489,0.35257729628856493,0.6133013543319015,-0.10925872564308325,-0.19550255139559447,0.0671969147271946,0.8420293102497421
2025-06-27,-0.994485358459014,-1.308191250980656,0.6224624563375917,0.6224624563375917,0.6032841693498366,0.8875965736757542,-0.11801188458571221,-0.28203265429568847,0.04436278179643433,0.8314842583891523
2025-06-30,-1.1236672820564815,-1.1155168180102704,0.6587247659735685,0.6587247659735685,0.6567849248059678,0.9461310736426332,-0.11247318179342719,-0.22727933315863233,0.05881144846088583,0.8125830553605434
2025-07-01,-1.8842189298214143,-0.26215092448085286,0.7569604052251963,0.7569604052251963,0.9240009956199176,1.1611715480788984,-0.09644839626553862,-0.20483733283435754,0.06753716190229593,0.7842207738953134
2025-07-02,0.6571977257788414,-0.369605320369204,0.3124639342369738,0.3124639342369738,0.14947582296658388,0.1692702168300445,-0.09604987179073424,-0.20079709867916445,0.06860233733693791,0.748776804162171
2025-07-03,0.45114030955308754,-0.566844036866071,0.22603136036185226,0.22603136036185226,0.14147926549024617,0.2081608330638037,-0.10493317714954109,-0.29085589303370907,0.04485905619650389,0.7138543320318806
2025-07-04,-5.156833667462387e-05,0.6716442929963096,0.26992481343882513,0.26992481343882513,0.12399356795025018,0.29333136116173036,-0.10523398587233948,-0.2939054866041583,0.04405505523217627,0.6780952438316422
2025-07-07,-1.8117087102446128,1.1194550210526566,0.7947303303076698,0.7947303303076698,0.8932135425362975,1.1277736218663623,-0.10411883360928499,-0.28260009246583057,0.04703563201375056,0.6461707129953148
2025-07-08,3.071050915143968,-0.7957891292637187,-0.018452589062167124,-0.030678104869456657,0.24160881409225637,-0.34034711781909643,-0.1006829632197089,-0.2658618282172122,0.05056798824095605,0.6242436414676001
2025-07-09,-1.7568867375472332,-0.3902478841170287,0.776030192198497,0.7675870744903581,0.8551992319394546,0.9865068073555542,-0.1035523587445432,-0.2954399880566826,0.042745881464976064,0.6145666387495645
2025-07-10,0.6287206325058319,-0.7244796068426429,0.2791296395880717,0.26667639289962614,0.1417388806459855,0.07416157925259563,-0.0965148761859255,-0.22289656133676386,0.06193038897924893,0.5954938494064826
2025-07-11,1.1656009076852298,0.4598469175235653,0.13956699474850182,0.12531970491539648,0.16369258516004703,-0.016956950018441636,-0.10329786833452348,-0.29281666270469553,0.04343963425834609,0.5749516243135132
2025-07-14,-4.856837736351741,2.036110023330062,1.6643342723501506,1.6652011175606574,2.159432026819065,2.40802334811882,-0.10283305382018362,-0.28802528491036244,0.044706740424339544,0.5533694345243791
2025-07-16,-3.113037788465052,0.8471527354398656,1.159168240712391,1.1735465829866876,1.4011353300087863,1.771749078656649,-0.10140370546360312,-0.29451536520010824,0.0417938686928272,0.5569084689026488
2025-07-17,-2.7630811018182753,0.2640462606794236,1.055753743854237,1.0670884619138796,1.2552923167342027,1.5892615635201999,-0.10138324788225825,-0.2943010465642045,0.04185060923380803,0.5630897808486607
2025-07-18,0.9222148100258134,-1.6152503995220668,0.1527663557060779,0.13736377291860474,0.1429579666994554,-0.09086960538828298,-0.10109769231056998,-0.2913094964113684,0.04264261769974196,0.5634394610637083
2025-07-21,-1.0051157074203427,1.4174620431418594,0.5384568911777634,0.5353168674220701,0.5226674516170626,0.6725574433804771,-0.10133246013463479,-0.29376898167306315,0.04199147262458579,0.5633767405795815
2025-07-23,0.749496148088054,-0.8245394403402218,0.2565196518137531,0.2454852099986623,0.13562224944302126,-0.04605150054192411,-0.09432458957466304,-0.22035281220106487,0.06142829460236145,0.5732850822092653
2025-07-24,1.6166601887941845,-1.4429302814900402,0.06595189031697118,0.01721123183615947,0.15988503692203632,-0.1021497002220682,-0.0992161923304632,-0.2941925481797209,0.04161020007080902,0.5820092337375617
2025-07-28,-0.49037170471315494,-0.2899824364998249,0.36927742737821634,0.31667030415616293,0.29164287864227095,0.17710864810997165,-0.0994030850606863,-0.2962049784126035,0.04107910852091938,0.5960741713807377
2025-07-30,2.4806137520973004,0.5088839636096298,0.0062913117609443014,-0.0334346588219992,0.1986105354433454,-0.11843903799657371,-0.097469102939977,-0.27538017647983926,0.046574889767842055,0.6072571546220752
2025-07-31,-4.933016633124817,0.11901360646627279,1.6634690550701117,1.6335708066087122,2.1418462795540405,2.4309675383430047,-0.0988686710723038,-0.2904504963318268,0.04259774840077957,0.6163766062165293
2025-08-01,-4.427677302480536,1.7498293231531736,1.5374511259511263,1.5127691287002096,1.9313904445191212,2.1745969390018085,-0.09945768370267881,-0.29679288762495704,0.040923956004483564,0.6019352251302407
2025-08-04,2.956964222302642,-2.3308602431927006,-0.07710646410516203,-0.13349989890690353,0.21453570298987826,0.004515144991942178,-0.09751330197028743,-0.29087565348088396,0.039979069653665614,0.6060320868079552
2025-08-05,1.2669192542707015,2.003103806192591,0.08780149523163239,0.03953132466403558,0.1365045502837211,0.004923470241998608,-0.09750569154429758,-0.29079249109489846,0.04000106707125576,0.6380584270891965
2025-08-06,-0.6868025225445377,1.991098987324641,0.43248832795366426,0.39940580149467053,0.3580762921962996,0.2364054058939028,-0.09335804671346405,-0.2454693986934562,0.051989551747542224,0.6662513579505464
2025-08-07,2.7995270615103642,0.31301320105343033,0.10701289883039528,0.05652677153021979,0.20726666378217481,0.004553182777483199,-0.08660625709832652,-0.17168970031449007,0.0715051394219862,0.7109501662281063
2025-08-08,6.025647175639879,0.518298227041808,-0.3647817719188622,-0.4364185280437241,0.35622002066663355,0.0037737323325355617,-0.09689498617467976,-0.28411905182365715,0.04176626931590353,0.7560006239078857
2025-08-11,3.9246978985247085,4.176265830812231,-0.1596678006709669,-0.28330457665480324,0.25009892667884437,0.15493007313621157,-0.098213428985367,-0.2938876920685216,0.03923874164351098,0.8061113924691473
2025-08-13,-2.9019076306477496,0.12320681152118151,0.10534139041242718,1.0094339704328221,1.2795593986241267,1.002440875974331,-0.04821202570224154,0.26666669175631863,0.18627981505553817,0.8051014682164602
2025-08-14,0.8181017521059052,0.15815499456610094,0.15546299060856628,-0.04358015115750266,0.12321895167268979,0.09771186627650043,-0.09749172224499164,-0.28579680160165577,0.04136109275419082,0.7995091836905911
2025-08-15,-3.6439169995260174,-0.3922605759108799,1.289284417810999,1.4264194617737385,1.583775908759918,1.2376303152255024,-0.09794679077147432,-0.29089847156911974,0.04002285502051854,0.7959384168344835
2025-08-18,2.3623170740872985,0.34846209264809413,-0.008760333778381618,0.39323289445023224,0.1862879803531582,0.12615368090725715,-0.09837800070372862,-0.29573266825166655,0.03875477918381496,0.774300024662515
2025-08-20,-4.035917935335911,0.8928445969450582,1.3442729719130038,1.5867180993694616,1.6901397454462577,1.1421613623972873,-0.08555558149235501,-0.27637228786658097,0.040841270263045557,0.7535829179177153
2025-08-21,-1.323841806641858,-0.23348908112942324,0.5954665674817818,0.5177845724266863,0.6157156752449289,0.36841875062779555,-0.08593985492628166,-0.2806665052367844,0.03969553838466751,0.7349255268672223
2025-08-22,1.6852804514990907,-2.2786001680794588,0.1689673217073704,0.07098733634440121,0.17649519234713107,0.22703416739305404,-0.07976727631028283,-0.21168855367527267,0.058099412989994326,0.7123478704625399
2025-08-25,-1.1260109985453497,0.7901189208412374,0.5399489753495464,0.4461316423015025,0.5373424394063686,0.31197854803703373,-0.08591647785585516,-0.2804052688019254,0.0397652383754711,0.6999206916172387
2025-08-28,3.053214724426574,-0.008473320437185627,0.05231928974366565,0.123803357459211,0.2456813327141939,0.4188388139036643,-0.0802400431629241,-0.2169716761902057,0.056689833231704456,0.6931515434124282
2025-08-29,-1.9221888023926885,-0.17804260304431496,0.7450102481817147,0.7865183072346641,0.8354745107339812,0.3847355950093539,-0.08433545512500412,-0.277955662161924,0.04007586382883533,0.6904507273927338
2025-09-02,-0.5472055301370521,2.0566595683381097,0.39008565640889553,0.1259894865690832,0.29195548712381153,-0.2319351227890359,-0.08040286136245788,-0.2333285827967993,0.05197204484328878,0.6815666738214649
2025-09-03,0.4884682987116621,2.5876324816256124,0.30951312859128693,-0.06803847695081358,0.1007641583721705,-0.30566607113748856,-0.07406530166622566,-0.16140994674580617,0.07114329971693431,0.6857116517428027
2025-09-04,4.173010565431563,-0.6599852055853894,0.10713744822099125,0.21764714690306786,0.2902026226908882,0.9893783622681591,-0.06999234429064675,-0.11519002090911307,0.08346408369047856,0.6954266945167891
2025-09-05,5.865617230697081,-0.7700132162933748,-0.2869032127077837,0.31849518064091087,0.3772269486864681,1.5842964500850205,-0.08449069743374997,-0.27971735209267834,0.03960625249406419,0.7236789081579618
2025-09-08,0.17102600015918284,0.018069942978504727,0.21459884040791607,0.016558017979010076,0.1078528124534117,-0.20484778412822352,-0.09119240055008794,-0.27630532839476135,0.03920446753617653,0.7987549641811047
2025-09-09,2.6863475127073353,0.2894360961672948,-0.008321660765053945,0.07206202630753697,0.20951511929226685,0.2946238880175235,-0.09076812651188754,-0.271676475295587,0.04044465731083349,0.8747352344087178
2025-09-10,3.694210094166449,4.505583010892289,-0.10183455464360189,0.16495245404018438,0.25025012453773865,0.4947568755275549,-0.09089328288351448,-0.27304193819580136,0.040078814392461054,0.9523361325625019
2025-09-11,6.936088665002512,3.9795482954390726,0.9366737562370138,1.3245174967187634,0.3812778489691838,1.1385022188529064,-0.022421280243655264,0.4739913777491088,0.24022841082883187,0.975635368021455
2025-09-12,4.235971428923291,0.4573393300165818,1.7093734303729644,0.8339536046070728,0.2721466124311222,0.6023353454865643,0.020044435411253184,0.9372946718927655,0.36435937710735916,0.9668655377102128
2025-09-15,0.6515450205227613,0.19611623652329158,0.24779992106263077,-0.06487330295045583,0.13486686301011605,-0.1506343070090959,-0.07478214593399035,-0.20558540142206216,0.0603550141248137,0.9622402089378012
2025-09-17,0.7061004580441459,0.6888906912648318,0.19266399509074342,-0.043754400498558166,0.13841186639881808,-0.13160940531589468,-0.07854940344641434,-0.24916991867684912,0.048394804475647306,0.9618081632158534
2025-09-18,5.397198803444724,1.0469368740186558,-0.16965385477239653,0.4447179433475609,0.44323866802901196,1.5042987444336477,-0.07821147169349808,-0.24526028620087809,0.04946766307335651,0.9657326866394448
2025-09-19,-3.6864709404132223,0.2268680899261466,1.169992749155354,1.6173761440399552,1.5341846448331178,0.6823791872342401,-0.07866037478991192,-0.25045377899685817,0.048042494996164274,0.9699374245213918
2025-09-22,1.100292759719302,4.394640730623578,0.14932101730277758,-0.0023730782111751614,0.16402641755498698,0.005855715088408542,-0.07943701995892825,-0.25943901684115384,0.04557681830328782,0.9743945873950858
2025-09-25,-3.0673288045913414,-0.8887007212159848,-0.16423302224220837,1.1535967780101737,1.2870273504517955,0.473323173259683,-0.021687838568599356,0.35272597840341585,0.21219510258354146,0.9817494072191939
2025-09-26,0.28656089459845574,-1.7123257556213467,0.26706131794754717,-0.20684924683594133,0.13487477367907186,-0.15427163090684665,-0.071310136634539,-0.21879250054517033,0.054790128222490325,0.9855993338272875
2025-09-29,4.112359960205376,1.977584377345759,-0.04589105752720532,0.8077780099743475,0.38188590033320746,0.9453023515605312,-0.07369733237391879,-0.24628672251993508,0.047217796855398654,0.9925790739344762
2025-10-01,8.936822244525391,5.37223305120636,-0.32784771460385215,2.749247235197249,0.6933753026552875,2.3319024098131633,-0.0702960134960097,-0.20711246684683873,0.05800698904596597,0.998903245605926
2025-10-02,0.4595495952125826,1.4498270188098572,1.7095852247775531,-0.2779804288473513,0.14604371723945506,-0.10455289994522543,0.03924625994574334,1.0545266739847439,0.40548180207534285,0.9914075355118469
2025-10-03,2.2969864533462694,0.6455774075726395,0.5630404011288397,0.5058617425605877,0.2999796704823017,0.526267178353125,-0.026721475843731614,0.13388607185787982,0.1596024366330249,0.9891887579614906
2025-10-06,1.6282668297536718,5.419955633070694,0.19894806633500106,0.16920662438555872,0.23472583644163147,0.2666349121292045,-0.057825730491315605,-0.18546420901433727,0.06789128112688299,0.9910135023928034
2025-10-07,-2.8665398283965375,-2.2687523524494435,-0.8953278433075906,0.6754610304826825,1.1896934945568882,0.3440923325010302,0.033768526993299734,0.7549425676600592,0.3379577169510779,0.9938109053441109
2025-10-08,5.437513063826744,2.4989482222536497,0.862700566026732,2.1295818020844304,0.6064330703984544,1.7455854281078627,-0.0028807876459233384,0.37866063914520115,0.2298969055876915,0.9933725525644413
2025-10-09,-2.149002400684267,-2.014886917969383,0.35217128743402537,0.2592420197673576,0.9108792313598806,0.16645977413112614,-0.028077346039787524,0.11996522621014927,0.15560464199671184,0.9903002997728407
2025-10-10,-5.403557471279623,1.2478995182935715,-0.08561729821092545,1.5538321208894799,2.1287600780537033,0.4933476277800949,0.2869879131739552,0.10546363614406415,0.656149761744,0.9844897230255266
2025-10-13,4.457622996671108,0.7458713819959328,0.9021828523078088,1.6865854600572128,0.5551357968096886,1.4962417208508874,0.1265841359731793,-0.09986598063349589,0.42052915631897103,0.9838693573454883
2025-10-15,2.642918605372751,3.2689553343842714,0.4036073031420022,0.6927894657189133,0.359766407358946,0.8884244165689311,0.05096020041206753,-0.19667064433251794,0.3094435086335727,0.9865561308301839
2025-10-16,5.356763607512879,4.897624446362203,1.4936301035379698,2.1964832136318133,0.6519364399407953,1.797399983801508,0.20277209343402375,-0.0023393239580782876,0.5324433080695926,0.9877328130860719
2025-10-17,-0.7228209805548881,-0.28728403167865846,0.40711696093905964,-0.3705130001640423,0.34992775971629436,0.06877016141283121,0.35763344897635385,0.1958955514423889,0.7599225294856328,0.9638506853747347
2025-10-20,2.9483767031529,-1.4405012140614404,1.250835237159302,1.0044646361959364,0.4374921979936843,1.114391924747805,0.33783644937724305,-0.016982383832928827,0.7146574815424018,0.9419059390676583
2025-10-22,-2.1625068666631972,1.923979171555612,0.6691084622934075,0.4716799387163469,0.8926956273387887,0.22683568366330797,0.10736837978447368,-0.21492198187986,0.40238138742772406,0.9335600721874617
2025-10-23,3.973208457074922,-1.0087545994569957,0.3705081632479195,0.843566616274466,0.5636843129734779,1.504323605495931,0.04524384241312063,-0.26827820592367424,0.31820483354203083,0.9390210839217044
2025-10-24,5.8309361638255135,2.7763279479710024,-0.2603656076132864,0.3044761755416908,0.7924346297686544,2.2111585413704273,-0.07293052401910279,-0.36977333551961783,0.1580827409712984,0.9600912675795246
2025-10-27,0.4892553332541424,2.0038435235873897,0.28228653980207835,-0.2931842454873924,0.13468959115413912,0.17873655960265172,0.14326607155407922,-0.18409092275638272,0.45102149186107476,0.9611918172484215
2025-10-29,2.0394128685881,2.5072468706746176,0.5203972820464919,0.3464827052684917,0.3264693376818202,0.838661080376247,0.14828164564479507,-0.1854178030870397,0.46367930175311417,0.9679727903997262
2025-10-30,-1.1984724452802404,-5.249153001752616,0.3806735792938699,0.036774475506324955,0.537578153012369,0.21863691209350164,0.220294694973308,-0.12209216046939865,0.5636650292790115,0.9741158297160466
2025-10-31,0.5232319210397708,-0.02927619591319708,0.38725086770301664,-0.3297750130073768,0.1412241384632119,0.3416991445574091,0.2704489036217044,-0.07798838313662264,0.633301089506363,0.9669616751242253
2025-11-03,4.0769065730285305,3.8007994214178,1.0786987657530347,1.388842599651683,0.5754079144368196,1.5064948354532515,0.20780153276126917,-0.13307819054007008,0.5463190353998832,0.9639449179955994
2025-11-04,-7.397623942360289,-0.8700624494165421,0.27733831887919425,2.428577616975684,2.91840641081907,0.46918788672469464,0.3573128370345973,-0.0016034160374796685,0.7539063639536207,0.9407958614270111
2025-11-05,8.447857324448963,0.5960252685499157,3.798920637677327,4.241421247563406,1.1814299822818548,3.190615465155262,0.43705983253284847,0.004930004828767556,0.8567216169718422,0.7851175952631851
2025-11-06,0.4307983412669917,2.7799610876827807,0.22744902556182034,-0.3338759147051864,0.12615536772327293,0.31468659747429223,0.2065677759891871,-0.16720578224663413,0.5530756670832282,0.6620477369499643
2025-11-07,-0.5148841713217732,-1.2974421509361012,0.22733523727459007,-0.2391304028777276,0.2588686752027473,0.13617778904981023,0.20123827163522662,-0.17118595596909392,0.5460546771356319,0.5534742993435581
2025-11-12,1.3297659627214975,-1.3718252554023036,0.40357752300984145,0.07949723240688164,0.24448525805102583,0.6371698097189625,0.1985397551487959,-0.17320125864933913,0.5424997016883235,0.4175754117908835
2025-11-13,-3.2631536442042712,2.8714767528072893,0.90416019354484,0.8443930540077362,1.2699187058791657,0.008233509624127817,0.12109136759009333,-0.23104116580298395,0.44047063587039137,0.28646186031768767
2025-11-14,4.0806177965415085,1.1329459795522134,0.16878672817920803,0.8089484769008991,0.5948228832473573,1.5278863593700505,-0.00018051443384506372,-0.3220387452209451,0.29211185594617667,0.23130969685233682
2025-11-17,-1.9674807100497504,2.7615593076055545,0.7263188272823999,0.41185683451690613,0.8061967491777283,0.17079092190533032,0.04663064955940241,-0.28330469105993866,0.3588480558814446,0.15445193212200076
2025-11-19,-2.438249399320796,2.238932899103885,0.9776326913933643,0.803605784012072,0.9815090338210148,0.12165382697913114,-0.011458506552314618,-0.33137075750774103,0.2760334192511368,0.1136389999600457
2025-11-20,-10.29120162185765,2.333514496728928,3.825964492198924,4.482173518144043,3.905915492243877,-0.6980082865042371,-0.04031446259103953,-0.3552477148129006,0.2348950093666606,0.09086925921321058
2025-11-21,-1.5866700789718764,-1.018159674926189,0.7138569333117981,0.1761988310545547,0.6643844679614721,0.21053852737406595,-0.02534720124700307,-0.3428630043702063,0.256233042013811,0.06801015263527571
2025-11-24,12.183235281841016,-1.5821361749362217,3.951861629350325,4.558741301896748,1.6154390105877747,4.443237847293296,0.3299533334268408,-0.29081773684569173,0.888034389512142,0.027567501991251766
2025-11-25,0.09981100993598513,-0.8022459428304596,0.12085219630978258,0.22049260295472123,0.09980585091864974,0.2698751845482017,-0.15755420961157646,-0.504522350035978,0.16087407167241294,0.060272975570617324
2025-11-26,2.723913006781,-0.7443354966919169,-0.21550486578538877,-0.3414577480150031,0.428948973867625,1.1761852710301093,-0.124101647115325,-0.48985802938992407,0.21077150674740355,0.08528807703642896
2025-11-27,-8.537275588084157e-05,1.198027935804391,0.12355414907034028,0.18152733846731922,0.08731779158735847,0.23540709387283293,-0.12642467945473335,-0.4908763576898877,0.20730649998310194,0.11233917595567185
2025-11-28,2.366662364809258,-1.495867989354005,-0.13551802225155635,-0.2307948354495057,0.3841387522697295,1.0527983521487507,-0.10579016550534621,-0.4818309780134222,0.2380846898514837,0.1389561091641175
2025-12-01,1.6593363455211698,3.2114974417350894,0.04473354898013314,-0.07544181304208879,0.2797684099287242,0.7327193889914152,-0.07578518631117757,-0.3751396782303018,0.15326147812119492,0.17242767726268646
2025-12-02,-0.4269325926333491,0.6305282268873724,0.29993066237799204,0.21066460761150618,0.2656650836510839,0.4512161668182206,0.026210779996936245,-0.2894894018507102,0.29862960821492784,0.1910925535972208
2025-12-03,-2.0648256068830286,1.5492576839408523,0.7628559724071524,0.942549184535751,0.8536669125497292,0.49105950493950695,0.03290748359983264,-0.2838658999105687,0.3081739786031083,0.20857982457934185
2025-12-04,-3.5293481910636504,-0.2009464738349065,1.245849029331297,1.6258609082109734,1.3794289436895137,0.5266854389902115,0.009763487987206415,-0.30330088045441994,0.27518836665310525,0.23577725754224704
2025-12-05,4.869878283146215,-0.3481638970664669,0.560406680985449,0.245212399888592,0.6036049599542522,1.2974759836490781,0.07825304400043244,-0.2457873373802986,0.3728020179470842,0.24211687547097221
2025-12-08,3.7871931309785167,3.726553863860116,0.04420633898233772,-0.09702244227426876,0.499353056673238,1.191185771344498,-0.03773506183196548,-0.33729028989182697,0.20110315160915873,0.25998295761221596
2025-12-09,2.3241194552800533,-0.11857015868237397,0.6775559062239758,0.3669859093311525,0.35526068293807045,0.9772954959650727,0.20340412134257774,-0.1323189591729928,0.5476834133019883,0.2308847391879031
2025-12-10,4.321612439946742,-0.7394748906671356,0.7726309044501332,0.7911988492209572,0.551985913157637,1.2693138212588169,0.13259158383739328,-0.19251050437495598,0.44590722140904415,0.20048849336174804
2025-12-11,-2.2148122455953505,-0.12318438616332195,0.899634717644665,0.871288687914206,0.907532967040574,0.5919458779579164,-0.018656871310903392,-0.32107358861860824,0.2285235159662418,0.18473940613817785
2025-12-12,-6.9380383513455355,3.672558708646334,2.189807473527394,2.700671601271599,2.5734177833761516,0.49474157794682166,0.02020479821432536,-0.2880406820138942,0.2843779292414374,0.1574107052416051
2025-12-15,-1.5469701156538496,-0.1420587729302092,0.7841909353059303,0.686905490900656,0.6739939125466705,0.5862192938202104,-0.09102046301034908,-0.39030530274032843,0.11084828552800927,0.1855164850696517
2025-12-16,-1.7441204414759597,-1.735738884405158,0.7981836931048768,0.7015667420606732,0.7443142007502592,0.60166059538923,-0.04630675936197265,-0.35199194964635844,0.17545316661951058,0.20464303892799704
2025-12-17,-3.1735782972992803,2.6138931746719107,1.1112168853293185,1.0771149925819012,1.254178376613096,0.7136192733164899,0.025906328286106423,-0.29011549345243914,0.27979070880661827,0.1990317050918905
2025-12-19,6.675840096542577,-0.7752901202190299,-0.04548844404699093,0.4408003679377517,0.7987819957932347,1.8302535709120897,-0.034568083235985536,-0.3419335557631886,0.19241386800212973,0.2183240750794741
2025-12-22,3.906798916523245,-2.810373908264796,-0.2091350782802664,-0.30839335248175115,0.5181518829199236,1.2639898317734957,-0.09951891514033852,-0.39758728053776154,0.0985692425384733,0.2827415704365109
2025-12-23,0.3081382177779574,-1.0879625780995217,0.11428169471339913,0.0980226006162266,0.14172552041026096,0.4426632911503058,-0.1079429258490166,-0.4062490445682826,0.0836305670715387,0.4582120537926171
2025-12-24,3.4085672507880664,1.7388396215219926,-0.09441886731710636,-0.26526946421062736,0.43288557124496974,0.8644214813314318,-0.07320986090453735,-0.3749145884493552,0.13441601514339174,0.6175479520334031
2025-12-25,-7.376053470492785e-05,0.8800110041404796,0.1706237130848487,-0.001516656402388461,0.1128147362169505,0.40075350545410465,-0.0022714743000045723,-0.31091747890084864,0.23813959251741115,0.7264192755420881
2025-12-26,-0.4029091056215242,-3.448712513641178,0.293564809274226,0.1839007817309386,0.2567368559995813,0.43862693546956194,0.013611057031596915,-0.296589043392405,0.2613624630438095,0.8441590658844079
2025-12-29,3.1830214461298767,4.922369362641843,0.28135915454455107,0.2732377615966442,0.41170465491027886,0.8337399887499908,0.03241854855048039,-0.2796218532337599,0.28886210597543316,0.9185895476003237
2025-12-30,-0.27260039151115995,-1.7978281715941513,0.19842102005271622,-0.36438282354947304,0.1986680899238053,0.21787574001038093,0.33048392319956454,-0.049860679639558037,0.6941835615506295,0.9412505019154493
2025-12-31,-2.4946022584069283,-0.6641203125648198,0.43207310298935553,0.5667401323722812,1.0030455506719211,0.5297816188697022,0.26905850142221277,-0.10133692601877622,0.6076805826042384,0.9609396509434486
2026-01-01,-5.565231116883554e-05,0.9249926755800719,0.1791875981338293,-0.39192929758520706,0.10000532616824716,0.1796182085136059,0.2679976819484047,-0.10222592283829421,0.6061866727220832,0.9752660895115772
2026-01-02,9.934560909064826,4.421600415752747,2.353085252033015,2.314868354981533,1.1264367495476626,2.1068972249804734,0.21926559500138318,-0.1430647944597389,0.5375592124748961,0.9956825388702489
2026-01-05,-1.049981325399767,1.596536220861522,0.17019280029775247,-0.14551497575771294,0.4800844608780288,0.326997918081161,0.41532935977852325,0.021242203680018376,0.8136680160601979,0.9898586121237894
2026-01-06,9.617078616465049,3.325343519378088,3.267728075728071,3.188335673985799,1.2393100136403603,1.857942845301034,0.32172188559767945,-0.050921612515240924,0.7240367797435576,0.991196094506216
2026-01-07,-1.0704275385208577,-1.9582541168446488,0.1656122883227606,-0.08218310731173109,0.46482929231930525,0.3543959391515956,0.39587523259985963,0.011377789989175643,0.8322694582233424,0.9713189032441557
2026-01-08,-3.927151362942331,-0.9957010957334478,0.296525165186769,0.37434023072078704,1.5091443904902144,0.7637473653827072,0.3455040780583475,-0.03094117413393499,0.7587487717735892,0.9440994666318411
2026-01-09,5.187998511913594,-1.9694543215096338,2.027628294578187,1.9795096223915045,0.7024131858429863,1.0948537368284335,0.3569741717885524,-0.02130465717347446,0.7754902813213345,0.8822979302100997
2026-01-12,0.3028745309659961,1.5006752501018572,0.15441679927089147,0.1283162206316673,0.11023433451167505,0.25319253057284113,-0.004330954537031945,-0.3248525670365971,0.24813685559470813,0.8732091324143445
2026-01-13,-2.1236903712446886,-0.9676545865467956,0.759473212559076,0.8157072088473768,0.8287675320498122,0.4573443303080732,0.030281459383068393,-0.280661064839222,0.32476206681775116,0.8699560451306371
2026-01-14,-1.499190115968374,-0.6827466023771156,0.5086332559668941,0.4437430655229812,0.6015441448845401,0.3424165739476979,0.09033315056755654,-0.22755570432114405,0.4164325823877022,0.8560956751257325
2026-01-15,1.1955105957349195,-1.3014611055553127,0.30536841554163685,0.16095596147512709,0.20791796842926827,0.27193085692596586,0.11400069096310857,-0.2066258480508077,0.4525617169305996,0.8363443066715949
2026-01-16,7.230655430375191,-0.23644142702131665,0.6383175397327696,0.8042425551827014,0.9744915500096542,1.3088891828619191,0.0653492169878225,-0.249649683253984,0.3782939383787683,0.8206333882012049
2026-01-19,0.0001479087353425717,3.260053710470745,0.1565219778374055,0.12413354829663435,0.05608508266300016,0.06654369145435744,-0.07212976355586807,-0.37122612317473647,0.16842859107732908,0.8317854917142838
2026-01-20,0.7688152975490665,4.115583256047939,0.12984652568975946,0.052712774548209634,0.1558014272821224,0.12357283347970094,-0.03752078739187348,-0.3352690390723852,0.21148326262320144,0.8573493068382908
2026-01-21,6.26677153022615,1.6917712727907985,0.39368171965321075,-0.056524279267023636,0.8266900905783692,0.8014848085047097,0.03602207649908515,-0.2677220015101622,0.3254639010927072,0.8877568372739261
2026-01-22,2.166217510361661,-0.40761865965777133,0.4155271465029061,0.25149426059417296,0.3263195731103891,0.2958760774309234,0.1100010511259125,-0.199774408588813,0.4401204471552519,0.9003849709221203
2026-01-23,0.5518984214286093,-0.011236958881100101,0.20541046097785187,0.06309295831171481,0.1293321236158052,0.09682643141977186,0.06198076912147456,-0.24387967755293177,0.3656960623438731,0.9188562114795051
2026-01-26,-2.724571953887677,0.6614801623764488,0.8408041879627387,0.837230311376225,1.0363972362684304,0.5056623432710153,0.05982102708700107,-0.24586333944218855,0.3623487793718133,0.9405897830544628
2026-01-27,5.173192499220931,1.1086496067570395,0.5203481506484687,0.5345166821823752,0.7046195566308573,0.7194005938593847,0.06498963296212265,-0.24078166680880242,0.3738018167015976,0.9667852698951493
2026-01-28,5.807637445001183,5.705723862615564,0.6592064825837344,0.8371078851314164,0.7818906055506973,0.796013507586323,0.08142599817517579,-0.22531929884680027,0.4000362671504278,0.9897633787448006
2026-01-29,0.01263035207482449,0.14694017195179265,0.22747810971251456,-0.1358778947100698,0.07609843312250301,0.09623272848127822,0.3589398040032668,0.035749406102745254,0.8429822648507886,0.9828310781717161
2026-01-30,-4.436559004283582,-2.2548584315416287,0.3254946301192406,0.48285596236921713,1.6546351335675293,0.7679291861711556,0.29432414536583124,-0.025037214114581832,0.7398477656613875,0.9805490802576631
2026-02-02,5.106031882241954,2.8976393399796962,1.9904979459770336,1.81735417616407,0.6964398534831131,0.7112905591137687,0.3464914723610607,0.024038746119845647,0.8231132040575478,0.9528371419944888
2026-02-03,-4.036981696849018,0.8577355342369253,0.004410355993324622,-0.15001693415860992,1.477754118281563,0.8392783297861578,0.357887286545373,0.056191730583717486,0.8432388692351527,0.8767415755217906
2026-02-04,-10.341233314152191,2.3198725448842605,0.2464171461682294,0.1025023530305329,3.680705576127563,1.932456665974793,0.2981842528034594,-0.0023575184876734323,0.7483929730867998,0.8023251163521727
2026-02-05,0.9558894716186626,-0.14109782417958128,0.36411691401128676,0.2483499120210572,0.1987766731270068,0.27696719240363465,0.1694318632870647,-0.12862171730408894,0.5438533542507931,0.7377543054554273
2026-02-06,3.2294615513611653,-6.232290146509845,0.6541365824312525,0.8027912429640115,0.5120270555115769,0.6045207407751491,0.14129949846716044,-0.15621041308005365,0.4991614988310069,0.6737448550475956
2026-02-09,-2.936628868535942,1.2641890374297304,1.3243652158837766,1.313577779270881,1.0932479128781993,0.6484734655300709,-0.10372792072515076,-0.3965025807716804,0.10990414124554626,0.6928637232966989
2026-02-10,-2.6198561315965185,-1.2687373752566455,1.0984176300413582,1.1184274237151504,0.9603809994514952,0.5054808632884897,-0.06879435492700271,-0.36404707802689634,0.1782298064746924,0.7241041392984474
2026-02-11,9.341714316583422,2.175670824882736,0.3225956342256904,0.1434819490873951,1.2902918848770089,1.3838926588750793,0.01868588332831042,-0.29414238337864895,0.312743180492028,0.7285477089121596
2026-02-12,0.9127078978815308,4.996865025775543,0.29448054973098625,0.14511057649093476,0.18056383628477468,0.1064106230660837,0.15470661178570716,-0.18544940679008803,0.5218944983896904,0.6853890444851042
2026-02-13,-0.7008931124037615,-2.6471502602180452,0.24980554287709336,0.01570609261773076,0.30117331223004284,0.11185336010117493,0.2188491824083187,-0.13419363859886488,0.6205228716619668,0.6422021818355202
2026-02-16,0.00022720130648197013,4.080355201377173,0.15562255173933132,-0.10582245761536088,0.060430409818092994,-0.031882983557675874,0.21427434968257525,-0.13784934748967237,0.6134884122483026,0.5670061568925251
2026-02-18,5.199854668925896,-0.14848113269951835,1.1910227441904015,1.2892013271100724,0.7639681375657771,0.8445919952367507,0.19088503745119179,-0.13532993964084658,0.6205859288446255,0.519185234582246
2026-02-20,1.483776740914822,-4.233356934931076,0.30970345017787404,0.3151788226503528,0.2747496454934558,0.3160984321141486,0.0892447711433831,-0.22601404371552664,0.45023679543552864,0.4889381014677709
2026-02-23,-1.5078251718917108,3.5920750568717352,0.6374289524355424,0.4296129183068858,0.5892524834663793,0.28277035722770305,-0.015722951656506348,-0.31966692602931523,0.2743108434045104,0.4712142737088036
2026-02-24,0.4516147478401165,0.7888553379364116,0.13797632571080248,0.07372044389490662,0.1388663987993719,0.16930630880371628,-0.0314086616130054,-0.3336618180721269,0.24802158625219245,0.4883888987134448
2026-02-25,1.5850393897242192,-0.6240575385796254,0.15760112797026743,0.10297923717611024,0.2880807869047709,0.33049981419419405,-0.0006133591028427976,-0.30618604966568097,0.299634527522833,0.5059063784536222
2026-02-26,-3.253025513444903,-3.916323092724261,1.1809383370595976,0.5044750859520595,1.1828306011122933,0.5079208732172746,-0.0045663698851002715,-0.31494918196699423,0.28277264685574915,0.5250203277385154
2026-02-27,0.38689154431889594,0.1600061168531508,0.25861711844078655,0.13904729027266374,0.12360301361656613,0.05211963025219897,0.2033586133019837,-0.13618395756615315,0.6271793930711741,0.43566682473128393
2026-03-02,-3.8588854740106053,2.6321160910530494,0.7949328368939803,0.5884713558211009,1.3893835019842629,0.608632002727098,0.17543689952813407,-0.16018988197181805,0.580929892687868,0.3437895244248015
2026-03-03,-5.555624644764846,0.026758551077177284,1.5545313158411471,0.8237068931796415,1.967844566510052,0.8906782336921988,0.07083297675134713,-0.2501239699384158,0.40766405357267366,0.30792953169274206
2026-03-04,5.297346359847775,-0.37511252809465656,1.0496961321516758,1.2251196048459216,0.7558031681436828,1.1302345069999393,0.16500685610812046,-0.16915719808703256,0.5636535785955861,0.21797371250406197
2026-03-05,-0.302204810661008,-0.3490429323877109,0.23678166579310728,0.08087337331772577,0.16914441185000986,-0.13233443909182882,0.043341660069650664,-0.26327654431231406,0.36058773264467564,0.15785222649971026
2026-03-06,-2.6941309190251848,1.0968322468047687,0.8436146282589466,0.38317488985251685,0.9564055299594079,0.25750780527152345,0.053742302707142114,-0.2542492131985275,0.378154425577583,0.08901984694482643
2026-03-09,-7.0611590075352515,3.9351408502293794,1.9872861692540322,0.9350979652748452,2.3937373119711873,0.9692572298333303,0.04817582739531551,-0.25908068539962387,0.3687526447521385,0.026381499765670578
2026-03-10,12.476835141040043,-2.593110153309097,-0.7869196815486598,2.7622300189734332,1.6637262886365365,2.7641759797557937,-0.07438687012249073,-0.3654600786020961,0.16174416004917827,0.016706316979395647
2026-03-11,1.7740683899397522,-0.07270789004453215,-0.060050031072071686,0.4293695805399482,0.29633488364723654,0.23726668390983147,-0.11065327941488132,-0.3969378340063986,0.10049016853887853,0.25582864228518776
2026-03-12,-3.4064586768314293,-1.0418376939022478,1.3620028186184219,1.7210351719641868,1.2144972540122445,0.46424371514990803,-0.07401778601572272,-0.3581539080881101,0.15930543575323752,0.49201714081643194
2026-03-13,4.993792967318205,-0.8062012996652435,0.23533404040233818,-0.45142189881602013,0.6258654057331109,0.5958566445369324,0.015009853840684803,-0.278112613666754,0.30674893531799025,0.6053724155408226
2026-03-16,3.497384327927158,3.672407363082608,-0.055581644932959084,-0.3233193659608637,0.46682514408746645,0.4085736945133226,-0.05746338829999098,-0.34327049184041153,0.1867220710401109,0.8023154939026982
2026-03-18,0.8111377794325482,-0.16354938104274908,0.2836532948772488,0.07946799759908675,0.18132735780687748,0.07237663921060891,0.12415154446515693,-0.17998755714489229,0.48750440451880095,0.8829938701745461
2026-03-20,-4.8054456161277095,-1.2345973551313505,1.1312994571428976,1.877551283712708,1.674211079452238,0.6668703181932597,0.10387000961834564,-0.19822189767788778,0.4539150554224808,0.9651497039707193
2026-03-23,-4.298951260488426,-3.8867849055657544,0.5095383865231325,0.9156668297946892,1.4723421083403763,0.3896620410147742,0.2313231410519821,-0.06872446468932707,0.6689674454416258,0.9911562853717121
2026-03-24,-2.5701359906931036,-1.2588466594453451,0.19886732834020715,0.22983613327324331,0.9182173359169807,0.260907750291894,0.32053457111232037,0.014473569628645086,0.8181077889212781,0.9898017833703083
2026-03-25,-3.1496764892337636,-0.8480777343836676,0.27782817854318914,0.26957327362358274,1.1039732998274594,0.30406928821816487,0.2880759971689359,-0.015797098009208643,0.7638447548739379,0.987275533103336
2026-03-26,-7.039038265439361,1.2735081876645737,0.4380148630786534,0.5892835472480421,2.350602564831196,0.5937312466756007,0.27244737474438363,-0.03037225574338115,0.737717406450815,0.9828391601480685
2026-03-27,0.4161887600986693,2.4212284834299824,0.3072955477579283,0.11764928896223778,0.13910050516281441,0.13002900759922886,0.22668322440716648,-0.07305162258811658,0.661210605744552,0.9807624857103213
2026-03-30,-3.255465491889362,0.15959982310951304,0.43419896353006593,0.31065183104104105,1.084460496307439,0.1758821445273032,0.20645682529894127,-0.06607460271320809,0.6322765951059286,0.9847078708411086
2026-03-31,-5.493299752646652,0.806016420956579,0.640632453055449,0.5262695383289852,1.764868694497965,0.22273888137164627,0.1951305834219949,-0.07725116352313996,0.6133729324950683,0.9905565504133462
2026-04-02,10.52998028997102,6.189860924041801,2.1016696153938885,2.7582803911078857,1.2257816716734835,1.3491103107279525,0.17942304524267952,-0.09275111995553584,0.5871568225607253,0.9985623819117194
2026-04-03,7.534756001702689e-06,1.2892436481576897,0.25245780257016276,-0.0011105200448160366,0.09464474579668304,0.10771869529121747,0.34012483881043626,0.06582693158077875,0.8553704559591336,0.9592326524513816
2026-04-06,4.0235238646807145,0.7330340179338202,1.3516484281830543,1.2460588230111267,0.5268536411513428,0.5820560513938384,0.27710093478132275,0.0036359150447084626,0.7501826424611222,0.928139746060853
2026-04-07,-0.5014341844004948,-1.7158658490734835,0.22078978200964117,0.06124217439975368,0.22614122363762892,0.129662071304922,0.2529714452236464,-0.059682273488448706,0.6964238858208089,0.8965061980774177
2026-04-08,8.189443340410914,-1.2419742258994004,2.023062985297772,2.3109648130910756,1.1168599308034137,1.2830881579189473,0.22422937498335496,-0.08531986828747438,0.6495076654787142,0.856374038315111
2026-04-09,-0.8341728915040156,0.0888770582687104,0.43543399750269274,0.42030813584772425,0.3268581852822262,0.13909994365578293,-0.07116154331838548,-0.34880515683554536,0.1673355291560233,0.8785855442843625
2026-04-10,3.700356770629567,2.0057092377412267,0.02688382318235516,-0.018086519478818508,0.5454090176429243,0.6430352679014975,-0.033243690628331726,-0.3149828700347151,0.22922955129266992,0.9030313637125154
2026-04-13,1.2319088305152428,0.91126595387786,0.24591841051579283,0.19999813398943408,0.23118098761048805,0.2910845506746855,0.06637121159593648,-0.22612752740215009,0.3918328245794519,0.9151220535569418
2026-04-15,-2.0447911539842187,-0.48265452426592415,0.5963219499234966,0.4638431156129168,0.6944788417640739,0.2522893043959917,0.08545234106970219,-0.20868612297448808,0.4121857984655783,0.9298015676693758
2026-04-16,0.28700467337559904,-1.3280113901830148,0.20668403139745306,0.1085768011896456,0.11121299220071598,0.23283370309424284,0.11240941533582563,-0.18399424844879222,0.456333730903024,0.9410992207122932
2026-04-17,-0.5174382695721311,-3.3053002461908454,0.2749071997846488,0.15994178144812404,0.2324049281469136,0.2152781994158504,0.09452302992471714,-0.20037764302378652,0.4270409772872478,0.953962222860857
2026-04-20,-1.5524363688170653,1.4478433391363899,0.46384277646470706,0.30036077360750685,0.5455255089801481,0.24035846979498152,0.10936773519782887,-0.18678033656700838,0.4513523338900197,0.9602319029085309
2026-04-21,0.26071448844813894,1.2122751883452243,0.19111295698162448,0.10374634516981043,0.10797486668070241,0.23007701909682754,0.08370464058564472,-0.21028696439499317,0.4093235678640911,0.9761322584573677
2026-04-22,8.123551449018809,5.147218662664487,0.927795566509536,1.0993820096449622,1.0869747025322047,1.213331943617568,0.09560883330564085,-0.20560821169742782,0.4225002605779349,0.9980065875303258
2026-04-23,-2.486820975200295,-1.8211607847763545,0.13220713392425912,0.06968487231522123,0.8141338106832108,0.201396944453695,0.35058465834066876,0.02550556985874819,0.8398120393177141,0.9972302065482289
2026-04-24,4.6860739290353015,2.7213228601531525,1.680661385701871,1.511746722660229,0.6519368950148783,0.7210128922588359,0.31811206841103884,-0.003928056072372052,0.7866650624936968,0.9974458590170372
2026-04-27,3.8202127986988397,5.2478558853215285,1.4374941012448348,1.299622674643003,0.5423558648652307,0.5970033742859906,0.32619091222307933,0.0033947249942089808,0.7998874794851912,0.9981533613299545
2026-04-28,-2.840208841676959,-3.246932185823137,0.12739345889535805,0.08224265756102454,0.9214585809924994,0.22292977067891628,0.3488346379023053,0.023919325981489548,0.8369478299682037,0.9972001928777748
2026-04-29,2.7520702174003224,0.43420130010609626,1.1725905720323662,1.0420152972493881,0.44182535228372977,0.5420718740583573,0.3653388661565737,0.033963444070827506,0.8288911312775235,0.9932781314834136
2026-04-30,-0.9125500318559628,-1.0826696697074256,0.18492378215542457,0.022539900500535004,0.3159340219935997,-0.059335303532953555,0.2985467935049247,-0.02582251804603132,0.7248847344869936,0.9938460496104512
2026-05-04,11.479929524947785,2.1678880303709236,3.2124840868104796,3.464905393289353,1.722427418540535,2.6210975515855286,0.26602474298599926,-0.05493318946399696,0.6742424777576016,0.9974031746878924
2026-05-06,11.122977871608823,5.595640670186053,3.1562524393800233,3.8126967353321577,1.6700534046257638,2.5360696396110844,0.2694794558802124,-0.05184085640682021,0.6796220419155649,0.9998934448185021
2026-05-07,0.2515646732210396,-1.8782154441753907,0.2658523537863635,0.06332660607538222,0.074936696803971,-0.053562754086055146,0.3854208553564853,0.05193894622059409,0.860162137763015,0.997811318409663
2026-05-08,14.29038485848426,8.11124638524381,4.518205426291297,4.505886814887611,2.3715095251235208,3.383825207060579,0.30715877310687895,-0.02006645158961018,0.7958985666789923,0.999999015894469
2026-05-11,4.87629997379394,10.281653364817878,1.9046224231841375,1.7876430597415296,0.8091769948192391,0.9337674068495916,0.364177849633764,0.031066684242881885,0.8892802311085319,0.9995199943067159
2026-05-12,-2.0864210019438247,2.4849586298300474,0.06468565703994245,-0.038907821398678766,0.6543570019113112,-0.0694066658507223,0.3637920695103057,0.030720727263993067,0.888648428697362,0.9926671868808994
2026-05-15,-3.6524903277774974,-5.925368577058232,0.2886998090338867,0.1627543238106091,1.1455770015227191,0.13018174063249208,0.2807147965482927,-0.04378068071578471,0.7525905600329678,0.995360099283651
2026-05-18,-4.853701182357699,-0.7066045678580934,0.0098295967266942,-0.04400558211074826,1.5223539332884932,0.2832705958709896,0.3568638947905632,0.024507731182781607,0.8773019719289301,0.9725391117181696
2026-05-19,-0.746827067934014,-2.7715831907432875,0.10379997540166401,-0.09614062558937589,0.1889826490232118,-0.11336381624344083,0.37419844827090964,0.06144435470361209,0.8482449404762933,0.9183277693647314
2026-05-20,1.7395366612569012,0.2084131104152176,0.7383845294842573,0.6327023381401342,0.3096554323843788,0.5152650278014322,0.3391084188194179,0.028750218683879225,0.793189967360329,0.833403055928817
2026-05-21,6.78446240674114,-4.200506339799004,2.114386475325792,2.361689145528047,1.3304376993329956,2.2158883408901184,0.290010583826175,-0.016995291383660474,0.7161572595553453,0.7493468408330362
2026-05-22,-1.4478238326426824,-0.808482345470285,0.687603112113225,0.6026266889455492,0.4060906961896622,-0.15301012005563794,-0.10254719991433336,-0.3827498312867732,0.10024845103830274,0.8363797660086904
2026-05-25,0.0002070145062239334,3.3409257266621695,0.1353103884557666,0.20538015348745148,-0.04227776730054018,-0.071055702302117,-0.04760645979632559,-0.3315603607015163,0.18644846333380433,0.9043180542834436
2026-05-26,17.48169999137923,8.614103118992322,-0.17707216185010966,-0.2897672255259762,3.322643680555761,5.516800315432513,-0.01846396032751843,-0.29027373588884725,0.24970344673832165,0.9999428343947823
2026-05-27,3.372029823231716,0.5760399583621734,1.4704815237226445,1.4248613846274063,0.6110950103414953,0.780898442657842,0.39207994777021643,0.08124187998532414,0.8740926747342502,0.9659099775974981
2026-05-28,0.6350605139027241,-1.8551347287186992,0.3549413720584436,0.21945579842655022,0.0851135095207246,-0.13776357589448684,0.3259449296682738,0.021393977005008974,0.7735090536363136,0.9335859796397231
2026-05-29,3.746941552377177,3.0860521141043984,1.1133664630147528,1.3035790691719087,0.6831442778649172,0.90673732755208,0.25777362402008586,-0.040296634165388936,0.6698284775381941,0.9025524588583854
2026-06-01,5.175634817296027,-0.47264628047976043,1.8677687108920085,2.0154276419114336,0.9577057152669232,1.3862773188003716,0.3322840527954817,0.02713047238651188,0.783150117886684,0.8305107060825427
2026-06-02,4.010508989383519,-1.9421541577864576,0.8060349517508658,0.9684837359110479,0.7950131011390679,1.1101791027345531,0.16805106383081755,-0.1300825516317035,0.5420286671493542,0.7893001024818609
2026-06-03,-1.3043388140046983,1.7560858027698467,0.5145956183723802,0.3133709392241942,0.32795987436007706,-0.4196637455818167,-0.011660159964344122,-0.29214294576209604,0.2660490254280152,0.7841523210483169
2026-06-04,-5.219339627506989,0.056970835015035526,1.6175399213599049,0.7034743652952493,1.57607628473807,-0.33618003635482985,-0.0030077370883211108,-0.2843403442781209,0.27933641235309736,0.7931264266530804
2026-06-05,-5.602074815916431,2.000539508755428,1.2421339711119224,0.5850965613579291,1.6980936462250522,-0.3280185685283325,0.09268909140130584,-0.19804264169425445,0.4262964957730329,0.7806880099399907
2026-06-08,0.37501036057774145,4.786969879323566,0.1398659559654804,0.20943697453161148,-0.005312552787317751,-0.30182586154167756,0.017502166008909692,-0.2658448774434954,0.3108331413218171,0.7892193421910538
2026-06-09,-2.3231488799885534,1.5907179093334944,0.6616421319424141,0.48605141137092817,0.6636412665363344,-0.19753382939107175,0.06466913489007299,-0.2188053249124537,0.38609170524649095,0.8103118845568985
2026-06-10,-4.209478242367342,0.6287100746321661,1.165520427376917,0.65512382493873,1.2577979508052546,-0.16051470675458387,0.03998439112458427,-0.24031162523953417,0.34853818684340504,0.8488975320213762
2026-06-11,1.722330718517158,-1.078900751151779,0.2697974477498104,0.32824810882507127,0.30226733990749877,0.3903465295693592,0.06766798920660536,-0.21619260743070795,0.39065393736175885,0.8835278332406236
2026-06-12,7.67309188419271,2.2643997035294294,0.44357426843077974,0.5984871724048174,1.5819270533709107,2.579032358413965,0.03774033104943238,-0.24226673688204192,0.3451242420955699,0.9258663039651357
2026-06-15,7.525307469246542,1.3694610634288118,1.610514291335351,1.5339691614870044,1.550147293300015,2.5246773531110343,0.19406279831784753,-0.1060725774091379,0.5829415233746894,0.936227425333507
2026-06-16,2.5444216443683563,0.8109432517964255,0.6510725787266748,0.6103913143023207,0.4784193606237581,0.808144738166594,0.20238346458483136,-0.10865643818166167,0.6007215169421115,0.9408292874625791
2026-06-17,-4.313976902061517,-0.45346175199538763,0.6368568473915321,0.2269192011960044,1.2839302526290823,-0.49713988684331484,0.1939621601992086,-0.11600232044175798,0.5874604975666542,0.947101931274713
2026-06-18,6.478897108806074,0.3639348958326405,1.7392713470073935,1.5885078314591394,1.3272657357603854,2.470445057856356,0.24769206757448273,-0.06913385976736637,0.6720689275815425,0.9428856525289774
2026-06-19,3.322722635679866e-05,1.8369893603857657,0.1381333082794472,0.1778207282086947,-0.07052163655673054,-0.2668493029601877,0.1464452665385148,-0.157451185155981,0.5126356938733241,0.946716287261587
2026-06-22,6.854625452467085,2.605253113946615,1.0859874253003134,1.0229911042047193,1.4083275305118026,2.629188796743405,0.13823728653077644,-0.16461098510728167,0.4997105961768423,0.9583089614428821
2026-06-23,-12.387173606318303,1.026886766220958,0.5276087337721391,-0.032488079144411874,3.759827364754134,-0.8221025395964574,0.28594111635123004,-0.03170755031916221,0.7536520937497153,0.9506919755113897
2026-06-24,-0.6396182987134043,-3.897739318310567,0.12348311163318686,0.10390395236121742,0.13554395860770402,-0.23596116654458618,0.33877606701390817,0.0147157969389278,0.8386190057444922,0.8624878862715063
2026-06-26,-7.535606485368833,0.5533546807737988,0.24442210835997202,0.006513879464593031,2.2630517591198327,-0.5800347953496408,0.3053697166197661,-0.014636640898554251,0.784896339244289,0.7017515502636874
2026-06-29,-7.968540610461716,3.2951906416825882,0.21603920517434083,0.13665597885068237,2.396617928798804,-0.6016359366831638,0.31030261286767213,-0.01030235927942827,0.7928292123920493,0.34104980395648127
2026-06-30,10.698446702234046,0.1908834986374397,0.9966679766390845,0.7112500156605033,2.236631819453062,4.162441166539057,0.0798465996690754,-0.2127921769900129,0.42221969073039345,0.23722557693711174
2026-07-01,-6.356698679293253,0.26404065739008553,2.2534456753897114,1.1137359700358431,1.802916575777903,0.37801157835087107,-0.032103196990545396,-0.33473859174848397,0.2288595470243741,0.20169125437011978
2026-07-02,-10.599180816174721,6.8201159583940125,2.7206727302266596,1.4241401401933682,3.0399564856200025,0.9464646255235608,0.0862164375671688,-0.24755449434954624,0.4190722047816503,0.11057329535522667
2026-07-03,-3.988080874748252e-05,1.7835283452805717,0.14100462347500045,0.21274970589330125,-0.05058342098447842,-0.47372142776421494,-0.09523935264343308,-0.38126061460979416,0.1273607889171141,0.3467060917557607
2026-07-06,3.463254736672,-0.456045395176341,-0.013602773950251001,0.3602334527954648,0.6709588640985027,0.9471396728876875,-0.040810342984576795,-0.34115447248753505,0.2148617909697993,0.6159497448490222
2026-07-07,-9.383385914175369,-1.2495380172313886,3.234572337631051,1.3082440448723671,2.6854501453620085,0.7835594453766908,-0.02762936850228842,-0.33144204084106815,0.2360517498255625,0.9417447771474295
2026-07-08,2.6898626697226202,0.22736253626283176,0.9127662142427848,0.6517410577290529,0.5099047159611647,0.5131397988374762,0.3195415322111347,-0.06360600664907004,0.792714580790175,0.9534730960850102
2026-07-09,7.772641169064803,0.7300471989164281,2.1256159724515094,1.8128684168278626,1.5620042153570102,2.5591800204244946,0.26513119693203724,-0.10512529593901801,0.7053359085709159,0.9693581048278069
2026-07-10,-4.233098615618365,-2.71742585422563,0.7826681661728402,0.5021518195922271,1.1774963376536869,0.2986668730919835,0.1859031896936866,-0.16558238622382798,0.5781020284715878,0.9910535518298559
2026-07-13,-4.747095327371992,-1.472129570566294,0.3787292602375393,0.17405420208430128,1.3261638825601008,0.4041004321150938,0.3134038209473344,-0.06828955451240759,0.782857904518193,0.9935682376506558
2026-07-14,5.2267841955780625,1.8398748736663695,1.7981972222150733,1.627877252386959,1.0350296781653001,1.5343614557682124,0.33445699827137043,-0.05222435375035624,0.8166676333341372,0.9902517531743289
2026-07-15,-8.746032149849485,1.3841323060370114,0.43440108804469785,-0.15651526880100586,2.4112572360132827,0.9983485908315997,0.3197982566798833,-0.04443294220853792,0.811986723253119,0.9857159648864142
2026-07-16,-5.516760525831976,-0.6425229080457839,0.3829062329013311,0.1854130501899398,1.5022173217026398,0.3820050296421902,0.3001129688354447,-0.06024672412483897,0.7798563176314586,0.9804759771405376
2026-07-17,-0.20521043704686778,3.3728733680224,0.05384156361213779,-0.05841838005510827,0.00701605041443621,-0.631765280916234,0.32242203003574493,-0.042325186407592516,0.8162692566277558,0.9606302826333687
2026-07-20,1.5857876090792786,5.690563484332722,0.4767686559880887,0.3411717601462796,0.27757808394485955,0.002505752893075197,0.26315705082456764,-0.08993452105008504,0.71953672031626,0.9532356838971827
2026-07-21,11.515365698495215,0.39586709497754224,3.521024528238745,3.4220617145973837,2.33344365341911,4.219308305921873,0.30140571240700115,-0.059208224455652284,0.7819663388639212,0.9410790642379685
2026-07-22,-1.0198592273452245,0.23123885497928764,0.35034903349165863,0.3326427100614284,0.2639404388654316,-0.10067923501662832,0.09282216925349589,-0.22598088291138968,0.4436042123253924,0.954043478338051
2026-07-23,3.562108086603565,-0.6774943396020916,0.4920668943995061,0.4376177159768881,0.6943045440110042,1.0246800876039492,0.10491559209740436,-0.21578409532884002,0.46453508096110674,0.970975702061469
2026-07-24,-7.797662047342348,-5.599073145916544,2.1159668834405507,1.0220507038168964,2.071706949358993,0.7320268605058143,0.05791048734978388,-0.25541729716039674,0.38318030776089473,0.9997601006986044
2026-07-27,-2.2087384744066463,-0.6374045820959684,0.11944474464655801,-0.1448273648598075,0.5810367228584427,0.04538388044423105,0.34396319508980583,-0.01422679750732423,0.8782702195150877,0.9974973140666278
2026-07-28,-10.650473794794262,1.0701485051969994,0.5949534128802878,-0.15490478838192545,2.8326050862257683,1.0825170996836853,0.30493717316874125,-0.04713229174640714,0.8107253607313099,0.9985039164172956
2026-07-29,-8.687912232500874,-2.7417967776528163,0.17002586296017247,0.09841548368587927,2.0883495943176174,0.5273310797423442,0.3105785567046586,-0.006647732405099936,0.849278479197963,0.9993053032396709
2026-07-30,11.156356752125417,0.28187694063761537,3.842957319370683,3.8935744168510396,2.160529876578205,3.321357981534652,0.3345569327714629,0.015070941596240867,0.8916785044560434,0.9797895467501623
2026-07-31,2.660178582382691,-1.0404052643063655,0.6102530750879419,0.3878144521492126,0.5228243837338717,0.5995683040624353,0.18371807464401915,-0.12155298895174,0.6249560468264937,0.9803994044274084
2026-08-03,-2.51004353498447,-1.8802978015493466,0.5679879903820786,0.37701172228202506,0.6104988354213945,-0.02729126031639323,0.12347715905622036,-0.17611685113942893,0.5184343901731637,0.988784949869429
2026-08-04,7.330250748786758,2.3366303836609648,1.574867225069478,1.2226288844837057,1.4230177043185048,2.0956473600356467,0.1984119724317528,-0.10824383177730498,0.6509386920066264,0.9927052106417765
2026-08-05,0.1735057461672845,-4.734473618701274,0.17741764548970945,0.18193027421880598,0.05006321045550802,-0.11466729573764704,0.2727471551469793,-0.007858650579532361,0.8290441223327099,0.9924102444921843
2026-08-06,-1.2048961187042497,-8.925604497094163,0.18217226908378317,0.11768930578818766,0.29031057631797524,-0.10615837421421558,0.23794945084167168,-0.04289596358682801,0.7639363767424904,0.9938155091393899
2026-08-07,-2.987657026056763,-3.3725504731748512,0.14280498498589686,-0.08289186013753208,0.6941364389712404,-0.02165583659323405,0.276313430521545,-0.00426781868233124,0.8357167507266605,0.9866150482573006
2026-08-10,0.45068739605996766,-5.061293031218927,0.26329390316509,0.25426644309017954,0.10227424509781326,-0.03702236958010652,0.29613282120018974,0.015688043598952574,0.8727995374167453,0.9546787911838324
2026-08-11,-0.8106679176961115,-3.0989928064713346,0.15641057621993906,0.07237329069373175,0.20101114042739618,-0.12484471810337675,0.2486449619772257,-0.03212680570958658,0.7839480594633186,0.9170827660918677
2026-08-12,7.181359023878721,0.34082946680817905,2.117844772830099,2.42433013960987,1.3830833040576593,1.1555456315471901,0.3010791994702068,-0.023210310223890564,0.866700507345185,0.8525974869257765
2026-08-13,3.145281398406705,-2.7142488630034656,0.7940025743501514,0.7257137959627219,0.5675978681016545,-0.03645293124963622,0.2594331991862413,-0.06125738561165613,0.7892952706425328,0.8073095995560574
2026-08-14,1.8888840520020114,-0.3745267960696186,0.3372417328989007,0.3615413232207003,0.3137440444535088,-0.4075121551269262,0.1627386441735021,-0.1495958814833136,0.6095741721556647,0.7965904864377091
2026-08-17,4.427321089092612,-1.3873001275050423,0.7029699525559623,0.8863338526461911,0.8266327016920093,0.3421793971034063,0.15056425787118524,-0.16071819311674007,0.5869462787922007,0.7901191207101264
2026-08-19,-1.4505353584956056,-0.8450817572541514,0.43630514172391666,0.14099716097651918,0.27496147461144593,-0.7404598863705939,0.06094512908334174,-0.24259270029455818,0.4203759039756936,0.8127664348571148
2026-08-20,2.007630396667306,3.5362308311578383,0.22347650058307003,0.3390972448557471,0.31814736117239734,-0.5137034592485786,0.08399976138703809,-0.22044030556382088,0.46177313417959776,0.8268481427487476
2026-08-21,2.063953366918204,-1.7629801349393515,0.33908684386625865,0.3648600377736848,0.3293251898644376,-0.49504850088746943,0.15305981426598653,-0.1562255601565846,0.5908057474995545,0.8291111020665023
2026-08-24,-7.96061841088733,1.079090829034235,1.5822905934371052,0.20123534696613532,1.810947525323063,0.2960099697756631,0.11292751037954223,-0.19354215012779552,0.5158220799067211,0.8424583753034461
2026-08-25,3.3373657052518566,-2.9163123678633607,0.5805411507554872,0.5354137377158428,0.5820459698378101,-0.07327645935068161,0.1692274741253448,-0.14119223599276898,0.621013592931962,0.8404821330731088
2026-08-26,0.3435828072142111,-0.1609396923388573,0.08716500347475471,0.10777899637211251,-0.012098696651811666,-1.0648593793619487,0.05379574718881566,-0.2485251824377949,0.40533959956326776,0.8725004398212107
2026-08-27,0.11457376864015492,-3.4361121115854987,0.07001161542625306,0.036320070543012895,-0.05942986670950488,-0.8470080466295073,0.0657147935681837,-0.23318023341786925,0.42906475519098175,0.9065761016416883
2026-08-28,-0.6270144631555185,-7.944153717229008,0.18033085472858243,-0.06374933388796536,0.06592354178842247,-0.7762926776348261,0.09255245616893094,-0.2089723504669826,0.4793059144228697,0.9324993851185421
2026-08-31,2.768711336022928,0.9559828699838291,0.535172571955921,0.66804700217748,0.4628899814252021,-0.3163574451454515,0.19336878682269476,-0.11803485086758575,0.6680380479511222,0.930949031773841
2026-09-01,-2.734679210532632,0.6371483223509888,0.3054829187100534,-0.2454557880807227,0.5630819626081622,-0.4615873168279779,0.19914829264660222,-0.11282166957901774,0.6788575100145761,0.9299676671630513
2026-09-02,-0.2728714035100502,0.4629181255243142,0.03601040401598697,-0.15416200065608146,-0.017612136500411896,-0.8291714476107738,0.18792709985046335,-0.12294331563364459,0.657850996055837,0.933106731228777
2026-09-03,0.8784071999019036,-0.7335428949081568,0.1198026047974869,-2.315140596304091,0.05804367498699946,-1.1959678928897004,0.21796903155357897,-0.11998214111801578,0.724201956515225,0.9411076116559717
2026-09-04,4.498450115094622,1.7392027049542458,0.8758873316495258,-0.7674366213201402,0.7953869381242861,-0.12778135580034022,0.2092977353928265,-0.12770853784607658,0.7073052236796958,0.9528263822416669
2026-09-07,-3.928547379697123e-05,3.709239896606653,-0.08877689115583137,-2.69054862208025,-0.12086392036587863,-1.4551561513339561,0.24256497403515773,-0.09806638527364947,0.7721291707684187,0.9582113582377177
2026-09-08,3.5675141794668503,2.906230094585971,0.6859051022808476,-1.1632044569496343,0.6057705836698247,-0.40247788747870383,0.21099039126622585,-0.12620032839739473,0.7106035026849463,0.9751883445210723
2026-09-09,1.3336686374364173,-0.1850512343753663,0.24585244450502458,-2.112117657849599,0.15077294969351207,-1.0616313256657652,0.26002103766040074,-0.08251248532852355,0.8061437445954226,0.983175391415943
2026-09-10,-4.297576460474215,-3.571352170508002,0.3063798679025417,0.34938748939219527,0.9236711371506494,-0.4715739078152989,0.24817166565185447,-0.08963447780496116,0.7899345731614039,0.9957973944027285
2026-09-11,-1.2801497951086178,-5.271762711020167,-0.09282222548161259,-0.0016429287856448843,0.20171816946841375,-0.9729344313654926,0.3177190116980661,-0.027107359004370495,0.926454745554334,0.9949126369078757
2026-09-14,-5.156049531118905,-0.26008312604476336,-0.0022325669680042792,-0.20380328816526233,1.1290703894808207,-0.32893431590991756,0.32043199796485056,-0.024668226179734923,0.931780288136433,0.9899973970847449
2026-09-15,0.10736649302419247,-0.5074799032297128,-0.09356872750019982,-0.5953908717542438,-0.08277315591076355,-1.157526029324055,0.317984541860885,-0.02686863190722603,0.9269759764231505,0.980837109863743
2026-09-16,-0.0808699138206508,0.7232924137995811,-0.11251512139823792,-0.35101974715395545,-0.08522291159098036,-1.1722007784377249,0.30113552717172865,-0.04201687843329401,0.8939016677574222,0.975456393614465
2026-09-17,5.867898048709347,0.8310266339960015,1.5675678023500796,1.4901754832068426,1.0841838120842855,0.18923860181407437,0.2894878568970071,-0.04762148953509475,0.8640133179496472,0.9754950308698564
2026-09-18,0.720424261530028,-2.204965295914929,0.07792833544945636,0.0680499998020152,0.02624747951655544,-1.2266800035313468,0.2813545804697736,-0.05493065346846155,0.8481519060427213,0.9783337322502124
2026-09-21,5.1684347615200865,4.5175080182350165,1.2769678199271903,1.2498454504616465,0.9404263777758595,-0.003163170984470609,0.2694051862373083,-0.06566926319492625,0.8248483498860982,0.9849340472406684
2026-09-22,2.7226538672631038,1.005395635137185,0.7183796951406742,0.6631154980939786,0.4377564125632097,-0.6759255425777163,0.3210681726564543,-0.019241081341862018,0.9256008467755615,0.9728430977871355
2026-09-23,1.269013533956939,-0.7972365395304326,0.24534971104014797,0.2814853128965253,0.13899647969657475,-1.0757792336319796,0.30813664015636977,-0.030862313178553397,0.9003819371016151,0.9624292648322949
2026-09-24,-0.9126900046252865,-0.5996680240356822,-0.10661431326601406,-0.048160388354038776,0.08382051619844141,-1.201151697034438,0.29720690017149054,-0.048583569616664324,0.8731575599388589,0.9568095007420168
2026-09-25,1.2839292189959333,-0.6788322824144544,0.22743357084076402,0.24855796333852936,0.13947140820869539,-0.8962680720724778,0.2902271446008816,-0.05475861181301604,0.859637074271267,0.9524498034005091
2026-09-28,-3.4631396732603985,0.100250298294835,0.10162781135255589,0.1642320051095498,0.6815154022327651,-0.8847839292446651,0.2755215244278636,-0.06776878447211182,0.8311508150074639,0.952726830145575
2026-09-30,1.1478147282558673,-0.45151735954703787,0.18450236153787267,0.2114243282248225,0.11089652611512602,-0.940592241916951,0.2796098676194416,-0.06415179653238101,0.8390703452785081,0.951752815841301
2026-10-02,-2.0232349404999224,-5.418130955674277,0.026528977534648363,0.04940670813697879,0.3440754183227419,-1.0633953528439968,0.2669242987047328,-0.07537481466541016,0.8144971276405149,0.9550486714690755
